created_at,text,screen_name,followers,friends,rt,fav
Wed Nov 15 23:59:59 +0000 2017,Sad but true \U0001f926\U0001f3fd\u200d\u2642\ufe0f https://t.co/glMTAJH8eT,JevanteDemmoine,2165,1541,0,0
Wed Nov 15 23:59:59 +0000 2017,So sad https://t.co/tqrFsWw2Fc,PEAJOHNNY95,1380,862,0,0
Wed Nov 15 23:59:58 +0000 2017,"RT @sxlwm: i hate when people put sad music on dog rescue videos, so i fixed it. https://t.co/brvk1t4GFB",tyler_schriedel,278,379,63496,0
Wed Nov 15 23:59:58 +0000 2017,"Why is depression so hard to understand? Because it is invisible... It is not ""feeling"" a bit sad. It is ""being"" sa\u2026 https://t.co/qVMl35bN02",Jeog88,241,655,2,1
Wed Nov 15 23:59:58 +0000 2017,RT @_SamUncensored: I tell people I dont clique up for a reason. Niggas be 24 and wanna be in a group. Sad times we live in,JYork510,697,233,13,0
Wed Nov 15 23:59:58 +0000 2017,"@MilitaryEarth @pop6627 Just looking at the picture of him and knowing he is no longer with us, makes me sad.",princessdianej,4755,4817,0,1
Wed Nov 15 23:59:58 +0000 2017,"I'm really sad, man",alexiscrivera,140,336,0,1
Wed Nov 15 23:59:57 +0000 2017,RT @jesse_duplantis: Don't be just saved enough to be miserable\u2014a sad &amp; disgusted Christian! There's nothing better than knowing Jesus\u2014reac\u2026,Mitzi_Gardner,150,315,123,0
Wed Nov 15 23:59:57 +0000 2017,Post Malone is like the perfect artist like r u happy? Post Malone. Sad? Post Malone. Want some good nigbops? Post motherfrickin Malone.,rachel3sowinski,79,114,13,31
Wed Nov 15 23:59:57 +0000 2017,RT @SoDamnTrue: it\u2019s okay to cry &amp; okay to be sad. it\u2019s okay to miss them &amp; okay to wish u did something different. but never blame urself\u2026,Alyssa44Alyssaa,267,172,2655,0
Wed Nov 15 23:59:57 +0000 2017,So I capitulated and sadly sold my GE stock today.... Sad that such a great has fallen in disrepair.  Imo the CEO w\u2026 https://t.co/RNtaCJKp25,clemieomd,61,81,0,0
Wed Nov 15 23:59:57 +0000 2017,@CBSThisMorning Are Americans aware that there are in fact teenage girls want this life style sad but these girls n\u2026 https://t.co/x2PwXChUVR,TracyFi35978516,48,1000,0,0
Wed Nov 15 23:59:57 +0000 2017,RT @NYTMinusContext: human-shaped and sad,realSassBear,45,193,10402,0
Wed Nov 15 23:59:57 +0000 2017,RT @Education4Libs: It\u2019s sad what is happening in Europe. \n\nMuslims who forced their way into the UK are committing mass rapes against chil\u2026,klustner,420,391,308,0
Wed Nov 15 23:59:57 +0000 2017,@rayneexox It was sad tho that the migos security guard jumped in,Kat_GillieRBLX,75,180,0,0
Wed Nov 15 23:59:56 +0000 2017,Teenage me is so sad that #WarpedTour is ending. I feel like I need to go this summer to give it a proper send off.,abigail_clare,502,353,0,1
Wed Nov 15 23:59:56 +0000 2017,RT @ZackRyder: Sad to see @realellsworth leave @WWE...but happy i got to see him live his dream. T-shirt...walk out at WrestleMania...Actio\u2026,HeelMorales93,424,1942,1081,0
Wed Nov 15 23:59:56 +0000 2017,@Camburly @Kallemet86 @tenaciousV56 @Ref0ff @Jamesross530 @BBCScotlandNews @NicolaSturgeon @RuthDavidsonMSP\u2026 https://t.co/U1MrPAk8PM,2351onthelist,4668,509,1,5
Wed Nov 15 23:59:56 +0000 2017,RT @SoDamnTrue: it\u2019s okay to cry &amp; okay to be sad. it\u2019s okay to miss them &amp; okay to wish u did something different. but never blame urself\u2026,alebusbel,1000,1930,2655,0
Wed Nov 15 23:59:55 +0000 2017,@SteveChopz Sad I missed it but I'll be there tomorrow for the next stream.,zeldoras,12,43,0,1
Wed Nov 15 23:59:55 +0000 2017,"RT @dbongino: This guy is simply lying. He\u2019s literally, yes literally, making this up. They do this because they assume you won\u2019t do your h\u2026",Firemdc780,4776,4548,5595,0
Wed Nov 15 23:59:55 +0000 2017,"RT @thegreatkhalid: Spent half of my life being sad about shit I had no control over, and going throughout the day was exhausting. One day,\u2026",sydneymakena,87,61,103945,0
Wed Nov 15 23:59:55 +0000 2017,@davidaxelrod You are such a sad sad man,_gneec,56,287,0,0
Wed Nov 15 23:59:55 +0000 2017,@RichEisenShow @CFD22 Sad thing Rich is I agree with you on the Ohio St the committee will find a way to get them in,jeepstinger,73,1875,0,0
Wed Nov 15 23:59:55 +0000 2017,@churchmark @benshapiro Hahahahahahahahhahahahah\nGo away sad little man. Go away and hide in your hate. #BeBlessed,Kinmanjr,162,94,0,0
Wed Nov 15 23:59:55 +0000 2017,RT @Hippy: THIS IS SO SAD \U0001f622 https://t.co/uvG36X6zhy,pappichulomike,510,553,417,0
Wed Nov 15 23:59:55 +0000 2017,@MiadelaFuente Hadlok sad ko te kay he doesn't like me din huhu,_daselle,1258,1415,0,0
Wed Nov 15 23:59:55 +0000 2017,"RT @writhans: it's sad\n\nknowing that\n\ni love others\n\nmore than \n\ni love myself;\n\ni hate to see others\n\nin pain\n\nbut when it\n\ncomes to me,\u2026",Liiigayyaaa,231,171,9017,0
Wed Nov 15 23:59:54 +0000 2017,I have no words. Sad. https://t.co/AGQkihAWxM,dweezil2k,272,890,0,0
Wed Nov 15 23:59:54 +0000 2017,"\u2022 day 15 - 758\n\u2022 total - 24,108\ni am not feeling very good tonight and had lots of other stuff to do, hence the low\u2026 https://t.co/uUZ8uYeGXJ",parkjiminsmiles,256,287,0,0
Wed Nov 15 23:59:54 +0000 2017,"RT @thegreatkhalid: Spent half of my life being sad about shit I had no control over, and going throughout the day was exhausting. One day,\u2026",livinnsht,7362,5355,103945,0
Wed Nov 15 23:59:53 +0000 2017,RT @maiaamariee: thinking about getting older makes me sad so I'm trynna live everyday to the fullest,naaatties,89,91,24,0
Wed Nov 15 23:59:53 +0000 2017,RT @qoldeyed: jungkook: i'm sad because i don't know english\n\nalso jungkook: https://t.co/qQM2CfdrZC,luvjintae,2594,2721,531,0
Wed Nov 15 23:59:53 +0000 2017,RT @anthonycasey2: #FreeBaked Communists are sad Baked Alaska did nothing wrong. #FreeBaked https://t.co/qNCHGjpuZT,Bonaprova,62,293,1,0
Wed Nov 15 23:59:53 +0000 2017,She knows I'm sad so she's trying to protect me I m cry https://t.co/zKazIRvIR3,PURGATORYGRAY,786,536,0,5
Wed Nov 15 23:59:53 +0000 2017,RT @azula: When you hear you're not #SexiestManAlive and go into your sad hiding hole. https://t.co/HO4yPOeVHG,BKIPMBitung,297,357,7,0
Wed Nov 15 23:59:53 +0000 2017,RT @ohteenquotes: The sad thing is that I actually thought you'd be different.,Aryaaputra__,539,110,1245,0
Wed Nov 15 23:59:53 +0000 2017,"@CillizzaCNN ""Sad""? Because he needed 2 sips of water? You're an idiot. How the hell are you a ""journalist""!!",Roxanne060979,2434,2443,1,3
Wed Nov 15 23:59:53 +0000 2017,RT @BeckyLynchWWE: I\ufe0f couldn\u2019t be happier for @MsCharlotteWWE becoming 5x women\u2019s champion. I\u2019m sad to lose you from the team though champ!\u2026,dj_johan_11,64,555,2005,0
Wed Nov 15 23:59:52 +0000 2017,"Day by day, just faking it!!  They seem to be ""good"" at it.  Sad. https://t.co/p8fHWa1uQi",MisterEadgbe,26,119,0,0
Wed Nov 15 23:59:52 +0000 2017,@OfficialBradlee What the heck ): I'm sad now.,ehhh_zitlali,198,155,0,1
Wed Nov 15 23:59:52 +0000 2017,RT @_SamUncensored: I tell people I dont clique up for a reason. Niggas be 24 and wanna be in a group. Sad times we live in,brookann_15,1903,524,13,0
Wed Nov 15 23:59:52 +0000 2017,RT @taiterthot: if yg sad i'm sad https://t.co/QSIOhKqPYr,chelleee_belle,270,221,47683,0
Wed Nov 15 23:59:52 +0000 2017,People don't have to frown to be sad.\nPeople don't have to smile to show their in a good mood.,MissWiseGuy,41,15,0,0
Wed Nov 15 23:59:52 +0000 2017,@RichardBSpencer when this is what you have to offer... sad...,EricaLindholdt,59,111,0,0
Wed Nov 15 23:59:51 +0000 2017,RT @taiterthot: if yg sad i'm sad https://t.co/QSIOhKqPYr,JakePuluThomson,1288,867,47683,0
Wed Nov 15 23:59:50 +0000 2017,i just realised for my thread i literally have 3 capricorn boys i like how sad lol??,the07thsense,1623,76,0,0
Wed Nov 15 23:59:50 +0000 2017,"RT @Ibehotboytay: God is leading you somewhere. No matter how happy or sad you are. No matter what\u2019s going on in your life, everything is o\u2026",itsskrislynn,394,449,529,0
Wed Nov 15 23:59:50 +0000 2017,sara ficou off o feriado td e eu t\xf4 sad,error2039,523,441,0,0
Wed Nov 15 23:59:50 +0000 2017,RT @zoecadman: Very sad to hear . https://t.co/g289F5xaFp,SugarRacingCA,103,131,3,0
Wed Nov 15 23:59:49 +0000 2017,"RT @dbongino: This guy is simply lying. He\u2019s literally, yes literally, making this up. They do this because they assume you won\u2019t do your h\u2026",LShrug,1754,1204,5595,0
Wed Nov 15 23:59:49 +0000 2017,Ifanyone makes me sad abt noctis tonight i will die immediately,graveyardsoup,937,357,0,5
Wed Nov 15 23:59:49 +0000 2017,RT @BorrachosVIP: \xbfYa es la hora sad? \U0001f62a https://t.co/ZQB2SauC8L,JrLabastida,236,372,561,0
Wed Nov 15 23:59:49 +0000 2017,"@CaptainCons @BarstoolTrent Clearly Trent doesn't listen to No Quitters, sad",The_Brammys,13,93,0,0
Wed Nov 15 23:59:48 +0000 2017,@SenTedCruz @USAmbIsrael @Israel Why are we wasting hard-working Americans Tax Dollars to prop up Genocidal Terrori\u2026 https://t.co/CdiZ72gwOf,Vankas_Secrets,75,23,0,0
Wed Nov 15 23:59:48 +0000 2017,I\ufe0f hope Kathy is doing ok. So sad I\ufe0f will pray for her.,Brenda031275831,4,66,0,0
Wed Nov 15 23:59:48 +0000 2017,@tyblorsion @addamschloe well no seriously. it's sad for me.,lustycomic,1195,329,0,0
Wed Nov 15 23:59:48 +0000 2017,RT @BlairBraverman: Truck broke down AGAIN after we spent thousands to fix it and I'm trapped in the woods with 20 dogs and exhausted and f\u2026,brahmnomnom,452,448,15,0
Wed Nov 15 23:59:48 +0000 2017,@TamaraLChambers you'll be bored and sad and wonder what the hell they did to sokka,radioprotector,3293,440,0,7
Wed Nov 15 23:59:48 +0000 2017,Sad,chrisdwyer171,179,288,0,0
Wed Nov 15 23:59:47 +0000 2017,"@nataliereed84 I'm just saying, I like reading what you write. I'd be sad if you were gone. That doesn't mean radio\u2026 https://t.co/rtiUOl323t",aliceinfemme,62,336,0,0
Wed Nov 15 23:59:47 +0000 2017,the fact that you spend your limited days on this earth being petty is sad,TayGilcrease,88,90,1,3
Wed Nov 15 23:59:47 +0000 2017,RT @Education4Libs: It\u2019s sad what is happening in Europe. \n\nMuslims who forced their way into the UK are committing mass rapes against chil\u2026,Dave29788264,132,497,308,0
Wed Nov 15 23:59:46 +0000 2017,@Exo_Bodyguard If these awards are as meaningless anon says they are then why is she wasting her time going to your\u2026 https://t.co/ZCTIzyKS6U,black_obsidion,133,80,0,1
Wed Nov 15 23:59:46 +0000 2017,right now i'm only dming kennedy and it lowkey makes me sad,BRiANNADiDTHAT,108,49,0,0
Wed Nov 15 23:59:46 +0000 2017,RT @StephenAmell: Was ratcheted from a dead sleep on my flight this morning by the guy in front of me repeatedly trying to jam his tray tab\u2026,LPbro32,484,778,1233,0
Wed Nov 15 23:59:46 +0000 2017,sad and funny thing is that everyone knows who these people are without mentioning their names. everyone just doesn\u2026 https://t.co/CeEMNJ12WI,xiujihun,213,63,0,1
Wed Nov 15 23:59:46 +0000 2017,@yassoaresx #sad,acustishawn,998,987,0,0
Wed Nov 15 23:59:46 +0000 2017,sad funny beautiful ! https://t.co/9o41Aa9sln,sorry2bugu,19128,289,0,0
Wed Nov 15 23:59:46 +0000 2017,It's sad when you give a profound speech of cursing the ones sacrificing you and when you're done it sounds like a\u2026 https://t.co/EpfvWX44Ck,EarlSimpsonII,369,1221,0,0
Wed Nov 15 23:59:46 +0000 2017,"Wow, I\u2019m sad no one talk to me for the rest of the fucking day. K bye",DopeItsSelii,966,766,0,0
Wed Nov 15 23:59:45 +0000 2017,Incredibly sad news about Techshop. I took classes there to learn how to use a mill and a lathe when my university\u2026 https://t.co/vcTd5eBzD0,motormo,615,1301,0,1
Wed Nov 15 23:59:45 +0000 2017,@kppbrxs AHHH HAVE FUN FOR ALL OF US!!! (THE SAD LIFE OF A NEW YORK FAN LMAO EAST COAST AHAHA),jjangkooks,74,480,0,1
Wed Nov 15 23:59:44 +0000 2017,"RT @WellieBoyce: My heart.... My sad, cut my wrists and black my eyes, hey Miss Murder, come join the black parade, I chimed in with haven'\u2026",Bobbiiteaa,846,698,61,0
Wed Nov 15 23:59:44 +0000 2017,"RT @evepeyser: Discovered that there\u2019s a third Hemsworth brother, who\u2019s less hot and a less successful actor than the other two, now I feel\u2026",Ganbare__Ginkun,1233,2233,11,0
Wed Nov 15 23:59:44 +0000 2017,RT @jaboukie: when you move cities and you're still sad https://t.co/xU8J12Ealr,rossinskifam,232,112,16669,0
Wed Nov 15 23:59:44 +0000 2017,RT @taiterthot: if yg sad i'm sad https://t.co/QSIOhKqPYr,madddiieeeeexo,315,297,47683,0
Wed Nov 15 23:59:44 +0000 2017,RT @taiterthot: if yg sad i'm sad https://t.co/QSIOhKqPYr,chancephon_,387,291,47683,0
Wed Nov 15 23:59:43 +0000 2017,"Got a surprise from @bertgarcia_ with my favorite food, Aguachiles. Sad to say it is all gone. It was too good to save\U0001f60d Thanks Little \u2764\ufe0f",Rev_90_,123,139,1,7
Wed Nov 15 23:59:43 +0000 2017,"RT @PassionPosts: Don't promise when you're happy, don't reply when you're angry, and don't decide when you're sad.",Farisha_adnan,310,284,175,0
Wed Nov 15 23:59:43 +0000 2017,RT @FreeMemesKids: THIS IS SO SAD \U0001f622 https://t.co/O7miVK5CCE,AgusM_12,793,959,15450,0
Wed Nov 15 23:59:43 +0000 2017,RT @taiterthot: if yg sad i'm sad https://t.co/QSIOhKqPYr,donatoestolano,104,135,47683,0
Wed Nov 15 23:59:42 +0000 2017,RT @AqifPuskas: Me when consoling my sad friends. https://t.co/xNRGeuDUld,struckbyravens,678,401,17730,0
Wed Nov 15 23:59:42 +0000 2017,You can\u2019t share good news with everyone some ppl really dgaf about anything positive happening for you sad but true,MsTia81,583,954,0,2
Wed Nov 15 23:59:42 +0000 2017,"RT @1k_dp: It\u2019s sad cause mfers really hate on each other , if someone I\u2019m close too off they shit I\ufe0ft motivate me to go harder not hate tf\u2026",jasminedash145,4228,2894,27,0
Wed Nov 15 23:59:42 +0000 2017,"RT @Jessyeepaege: James,18\n-Emo\n-\u201cmcr is coming back!!\u201d\n-wears vans\n-loves black\n-listens to all kinds of music\n-wears hats 24/7\n-let\u2019s you\u2026",emilyschott_,177,48,42,0
Wed Nov 15 23:59:42 +0000 2017,i can't get into any of the sad podcasts y'all like bc i love to have fun. i'm actually joining the schur sitcoms fandom,coolskeleton666,55,90,0,0
Wed Nov 15 23:59:42 +0000 2017,Sad when another country has to pick up America's slack! https://t.co/AL9z79Xixx,Mompreneur_of_3,4252,2017,1,3
Wed Nov 15 23:59:42 +0000 2017,@MAGAGunslinger @alozrasT @seanhannity @MooreSenate Very sad &amp; disappointed to see @seanhannity who despises rush t\u2026 https://t.co/iTGMXv8gXW,flm22,5407,5865,0,1
Wed Nov 15 23:59:42 +0000 2017,RT @Toure: Sad. https://t.co/dBtV8eXimj,Nyla_Gail,121,269,98,0
Wed Nov 15 23:59:42 +0000 2017,@BobinHB @Amy_Siskind @Kathlee12997937 How sad for these beautiful woman,Grazingthesky,22,92,0,0
Wed Nov 15 23:59:41 +0000 2017,RT @jamescharles: it's sad when you can get so close to someone and then they just never make an effort to talk again,melodycharIes,3103,181,10,0
Wed Nov 15 23:59:41 +0000 2017,Warped Tour ends next year and idt i've ever been so sad \U0001f62d,breathinmeghan3,2027,2283,0,5
Wed Nov 15 23:59:41 +0000 2017,RT @ultpcysobi: Jungkook told pd bang in the chat that he is sad he doesn't know English... can someone tell This boy that the only English\u2026,brendavaz16,194,1351,9904,0
Wed Nov 15 23:59:41 +0000 2017,RT @taiterthot: if yg sad i'm sad https://t.co/QSIOhKqPYr,StarSThomas,1094,1073,47683,0
Wed Nov 15 23:59:41 +0000 2017,RT @angiiieee_13: Idk if I\ufe0f should be happy or sad lol,Danny_iii1,76,132,1,0
Wed Nov 15 23:59:41 +0000 2017,@KeciaHood Sad Man \U0001f602\U0001f602\U0001f602\U0001f602,IOwn_HisHeart,2657,1294,0,0
Wed Nov 15 23:59:41 +0000 2017,@OfficialBradlee I never got to go!! That\u2019s the only reason why I\u2019m sad!\U0001f629\U0001f62d,aleenajohnson11,252,254,0,0
Wed Nov 15 23:59:41 +0000 2017,RT @goldenprincessG: @lanihirsch @jennystape So sorry to hear dis sad news. Me and mama sends Luvs to you all. \u2764\ufe0f\u2764\ufe0f\u2764\ufe0fFrack is no longer in\u2026,lanihirsch,3602,4023,1,0
Wed Nov 15 23:59:41 +0000 2017,RT @AlexontheMic: I'm sad to admit that I have never listened to a @BTS_twt song. Where do I start? What do I do? I'm overwhelmed.,FnVwbtxx,125,692,4752,0
Wed Nov 15 23:59:40 +0000 2017,"RT @jinjjarevil: this is so sad, the pain you hear when someone sends a message, it's in their voice, it's so clear you feel it.  #Showtime\u2026",ceejjaaayy,408,517,221,0
Wed Nov 15 23:59:40 +0000 2017,RT @SkyeCramer: @stacee_grassi @XtinaHoying I LOVE YOU STACEE AND KRISTINA I WOULD HATE TO SEE YOU TWO SAD IM SENDING HUGS AND LOVE \U0001f62d\U0001f495,stacee_grassi,3336,4987,2,0
Wed Nov 15 23:59:40 +0000 2017,@kennamaus1015 The fact that someone retweeted this and can relate to this makes me sad \U0001f602,andrew_harpring,79,151,0,2
Wed Nov 15 23:59:39 +0000 2017,RT @teukables: turns out that hyukjae didnt want to tell him some secret then donghae got sad and angry because he is the type that tells p\u2026,iistarsnsun,114,395,581,0
Wed Nov 15 23:59:39 +0000 2017,RT @taiterthot: if yg sad i'm sad https://t.co/QSIOhKqPYr,jaeburgers,450,348,47684,0
Wed Nov 15 23:59:39 +0000 2017,RT @AltPress: We're so sad to see the end of an era with @VansWarpedTour \U0001f62d\n\nLet's hear about your raddest memories from #vanswarpedtour ove\u2026,ptvkeara,637,260,167,0
Wed Nov 15 23:59:39 +0000 2017,"El ni\xf1o de los roles sad me quiere violar,me quiere poner sad,pero quiere abusar de mi &gt;:u",UsagiFujoshi,42,63,0,0
Wed Nov 15 23:59:38 +0000 2017,RT @danidistelhorst: The #mindyproject finale may be the best episode of them all. Thanks @mindykaling for creating the world of Shulman &amp;\u2026,asher_carolyn,30,44,1,0
Wed Nov 15 23:59:38 +0000 2017,@CNNPolitics @cnnbrk But no one is confident in you! You are a complete joke. A child in the WH. Unfit and unqualif\u2026 https://t.co/46UETZ2Nfr,apurdin,42,52,0,0
Wed Nov 15 23:59:38 +0000 2017,@bandoja09 @drizivan31 may pasok ako bukas sad,kharrlrenzx_,232,276,0,0
Wed Nov 15 23:59:37 +0000 2017,RT @ZackRyder: Sad to see @realellsworth leave @WWE...but happy i got to see him live his dream. T-shirt...walk out at WrestleMania...Actio\u2026,cloc27,204,1434,1081,0
Wed Nov 15 23:59:37 +0000 2017,RT @heatherjones333: Sad to see Five at Five throwing the judge under the bus. What the Judge's lawyer said tonight about the DA after the\u2026,AlbertJitka,2795,4058,17,0
Wed Nov 15 23:59:36 +0000 2017,RT @Mare3097: Jungkook said he's sad because he can't speak English. He tries really hard though in past interviews he was repeating &amp; whis\u2026,HinataNamiko10,80,313,9255,0
Wed Nov 15 23:59:36 +0000 2017,RT @AlexontheMic: I'm sad to admit that I have never listened to a @BTS_twt song. Where do I start? What do I do? I'm overwhelmed.,hzl_0602,153,359,4752,0
Wed Nov 15 23:59:36 +0000 2017,RT @catvalente: Poor sad snowflakes don\u2019t know how to be hateful horrorshows without their little blue hats! A bloo bloo bloo! https://t.co\u2026,icequeensansa,822,730,9,0
Wed Nov 15 23:59:36 +0000 2017,RT @taiterthot: if yg sad i'm sad https://t.co/QSIOhKqPYr,chelsrebello,195,182,47684,0
Wed Nov 15 23:59:35 +0000 2017,RT @lauferlaw: Awww Nazi has Sad...... https://t.co/JGFBRN2K0n,spudmonkey66,1371,2326,44,0
Wed Nov 15 23:59:35 +0000 2017,"\u201cYea you fine, but I ain\u2019t going out sad.\u201d -Sterling B",OTM_BOWTIE,865,324,0,0
Wed Nov 15 23:59:35 +0000 2017,so sad the dog,rxdpxwxrrxngxr,787,289,0,0
Wed Nov 15 23:59:35 +0000 2017,goodnight i will never experience this ever wow im sad,lhoseokl,1676,330,0,0
Wed Nov 15 23:59:34 +0000 2017,"RT @silvergogal: @larryelder @POTUS @MaxineWaters Sad thing is, the real narrative is that UCLA is a part of that snowflake mentality, and\u2026",johnflick3460,859,2410,3,0
Wed Nov 15 23:59:34 +0000 2017,@OfficialBradlee I\u2019m sad it\u2019s ending and I\u2019ve never been ;-;,alyssanoonann,268,181,0,0
Wed Nov 15 23:59:34 +0000 2017,RT @BorrachosVIP: \xbfYa es la hora sad? \U0001f62a https://t.co/ZQB2SauC8L,LeonelMorn,715,744,561,0
Wed Nov 15 23:59:33 +0000 2017,RT @_FriscoAng: The fact that the promotion of a normal black family is offensive TO black ppl is even more of a reason the cartoon is need\u2026,DMRHerbs,39587,13803,2,0
Wed Nov 15 23:59:33 +0000 2017,I haven\u2019t gone since 2014 but this makes me sad. https://t.co/mIL6Mt2xa0,EthanTylrWilson,292,275,0,0
Wed Nov 15 23:59:33 +0000 2017,@Ron00708 @PPact It's sad,AlanLivengood,13,125,0,0
Wed Nov 15 23:59:33 +0000 2017,i am sad. tonight is the last ep of wyws \u3160\u3160\u3160\u3160\u3160,bamvoyaged,899,853,0,0
Wed Nov 15 23:59:33 +0000 2017,RT @destinymhodges: can u believe that some people think mental illness and sexuality is a choice like we can help it sad shit bro,primaxdonnagirl,123,127,44,0
Wed Nov 15 23:59:33 +0000 2017,Or feeling like I should be hear. It breaks my heart knowing that there's ignorant ppl who are not acknowledging PO\u2026 https://t.co/36fapEbN92,casandraveee,389,491,1,1
Wed Nov 15 23:59:32 +0000 2017,RT @DanielleReact: Find someone who knows how to love you when you are sad.,iGoBy_Jasmine,1480,1257,576,0
Wed Nov 15 23:59:32 +0000 2017,"RT @dbongino: This guy is simply lying. He\u2019s literally, yes literally, making this up. They do this because they assume you won\u2019t do your h\u2026",HillelSims,5049,5050,5595,0
Wed Nov 15 23:59:32 +0000 2017,"RT @Annoying_yang: Me: *calls my mom because I'm sad and need comfort*\n\nMom: ""wait a second... it's 10:00. Don't you have class right now,\u2026",miasimoneg_,1502,687,22,0
Wed Nov 15 23:59:32 +0000 2017,"I understand there is a lot of nuance and context to this situation, but ultimately @APrecourt must decide if he wa\u2026 https://t.co/UycKs3FzHO",BMBianco,268,339,0,2
Wed Nov 15 23:59:32 +0000 2017,"@BTS_twt jimin, honey, smile a little bit please. everyone seems to get wrong your sad puppy face",monniesoul,20,47,0,0
Wed Nov 15 23:59:31 +0000 2017,@MattehWheeler Omg that's so sad...,SamanthaBlairJ,324,1001,0,0
Wed Nov 15 23:59:31 +0000 2017,RT @taiterthot: if yg sad i'm sad https://t.co/QSIOhKqPYr,jony_eh2,225,478,47684,0
Wed Nov 15 23:59:31 +0000 2017,"@medicalaxioms Sad, ruins my day",MsCFromThe803,8,13,0,0
Wed Nov 15 23:59:30 +0000 2017,"@GabySpartz The ""Sad!"" Comment makes me think Trump watches your vids lol People are so ridiculous",SuperHinotama,410,159,0,1
Wed Nov 15 23:59:30 +0000 2017,RT @AltPress: We're so sad to see the end of an era with @VansWarpedTour \U0001f62d\n\nLet's hear about your raddest memories from #vanswarpedtour ove\u2026,SavannahJeanR,152,178,167,0
Wed Nov 15 23:59:30 +0000 2017,RT @taiterthot: if yg sad i'm sad https://t.co/QSIOhKqPYr,_evweezyy,262,245,47684,0
Wed Nov 15 23:59:30 +0000 2017,RT @taiterthot: if yg sad i'm sad https://t.co/QSIOhKqPYr,laurenccookk,653,355,47684,0
Wed Nov 15 23:59:29 +0000 2017,Sad to hear my hella sexy nude beach buddy may be moving away. He was the one to take me there for my first time. H\u2026 https://t.co/97TFP3LuUu,SMichellexxx,1090,255,1,2
Wed Nov 15 23:59:29 +0000 2017,RT @Donna_McCoy: There are few things more sad than realizing someone just isn't worth the trouble.,GLLogan2,768,1083,105,0
Wed Nov 15 23:59:29 +0000 2017,"I've gone every year since 2011, I'm sad it's ending but the lineup was getting shittier every year anyway \xaf\\_(\u30c4)_/\xaf https://t.co/wHVHo4SZHJ",ptvmarianaa,261,682,0,0
Wed Nov 15 23:59:29 +0000 2017,"@bstokley14 Other than the with browns it usually works out. Sad, painful, but probably necessary.",thoaus,368,838,0,0
Wed Nov 15 23:59:28 +0000 2017,RT @FreeMemesKids: THIS IS SO SAD \U0001f622 https://t.co/O7miVK5CCE,pedromscosta21,87,151,15450,0
Wed Nov 15 23:59:28 +0000 2017,@Jaxgma3235 @FOX59  That's an emoji-like sad face ... \u2639,KJIrishGirl,210,311,0,1
Wed Nov 15 23:59:28 +0000 2017,"@battle7512_greg @realDonaldTrump Yes a thank you was in order, it was THE ASKING FOR IT THAT WAS PATHETIC CHILDISH\u2026 https://t.co/AlY7ZP7Jof",BrianRoth6,159,535,0,1
Wed Nov 15 23:59:27 +0000 2017,Glad that Nazanin's beautiful and moving poetry is recognised in this way. Sad that it is under such circumstances\u2026 https://t.co/QGY1gjXhgF,Jayyfa,122,408,4,6
Wed Nov 15 23:59:27 +0000 2017,@Philadelphiandy Sad but true. How about whoever loses has to send a $10 check with a handwritten card to a charity\u2026 https://t.co/iLuBFlgAwb,mheil,194,251,0,0
Wed Nov 15 23:59:27 +0000 2017,I'm spaced out n sad n upset n so much things all at the same time,viktvri,281,311,0,0
Wed Nov 15 23:59:26 +0000 2017,@rembrandttts wow now u made me sad,slavicmaniac,1350,494,0,1
Wed Nov 15 23:59:26 +0000 2017,RT @taiterthot: if yg sad i'm sad https://t.co/QSIOhKqPYr,cant_top_taylor,375,360,47684,0
Wed Nov 15 23:59:26 +0000 2017,@OfficialBradlee So sad! :(,alishaburden00,2013,1694,0,1
Wed Nov 15 23:59:26 +0000 2017,"RT @thegreatkhalid: Spent half of my life being sad about shit I had no control over, and going throughout the day was exhausting. One day,\u2026",rocco_cesc,152,1428,103945,0
Wed Nov 15 23:59:25 +0000 2017,RT @qoldeyed: jungkook: i'm sad because i don't know english\n\nalso jungkook: https://t.co/qQM2CfdrZC,chimochuu,55,309,531,0
Wed Nov 15 23:59:25 +0000 2017,RT @FreeMemesKids: THIS IS SO SAD \U0001f622 https://t.co/O7miVK5CCE,Tonino1385,230,320,15450,0
Wed Nov 15 23:59:25 +0000 2017,RT @StephenAmell: Was ratcheted from a dead sleep on my flight this morning by the guy in front of me repeatedly trying to jam his tray tab\u2026,C_M_PUNKER,27166,27524,1233,0
Wed Nov 15 23:59:25 +0000 2017,RT @ultpcysobi: Jungkook told pd bang in the chat that he is sad he doesn't know English... can someone tell This boy that the only English\u2026,mochi_the_cutie,44,148,9904,0
Wed Nov 15 23:59:25 +0000 2017,RT @BowenBBC: What did the EU do for us? Brexit heartlands want someone else to pay. Sad but true. \n\nhttps://t.co/P6J3P34HO7,peter_garbett,446,2885,24,0
Wed Nov 15 23:59:25 +0000 2017,RT @ultpcysobi: Jungkook told pd bang in the chat that he is sad he doesn't know English... can someone tell This boy that the only English\u2026,uItIove,1479,113,9904,0
Wed Nov 15 23:59:24 +0000 2017,The Hate U Give: Sad as fuck. Funny as shit. Aka.  My life.,Taina_Michelle_,345,742,0,0
Wed Nov 15 23:59:24 +0000 2017,I\u2019m not happy but I\u2019m not sad either \U0001f914,matayoshisaaan,551,557,1,10
Wed Nov 15 23:59:24 +0000 2017,Hannity remains an unrepentant TeaBagger. There is no conspiracy theory that Hannity doesn't Champion or embrace. H\u2026 https://t.co/mdmFUD7Zot,LostVegas44,158,376,2,4
Wed Nov 15 23:59:24 +0000 2017,I tell people I dont clique up for a reason. Niggas be 24 and wanna be in a group. Sad times we live in,_SamUncensored,1221,435,13,4
Wed Nov 15 23:59:24 +0000 2017,I'm sad,wolfxhailee_,1612,1847,0,0
Wed Nov 15 23:59:24 +0000 2017,@BagofDoosh @lawrah_s2 @kevinone @ramen_girl__ @RichardBSpencer What do you like best about Trump? That he's a blov\u2026 https://t.co/iOgdVWFbUo,TheCCaptain,177,396,0,1
Wed Nov 15 23:59:24 +0000 2017,RT @taiterthot: if yg sad i'm sad https://t.co/QSIOhKqPYr,rikknicc,541,344,47684,0
Wed Nov 15 23:59:22 +0000 2017,@BetteMidler Hopefully he's made enough mistakes that Mueller will save our democracy!!! Sad that our country has g\u2026 https://t.co/3l4uUejAa5,creeden35,205,705,0,0
Wed Nov 15 23:59:22 +0000 2017,@literallymaeve WTH are ur sad gay friends doing without kevin abstract in their lives,shroms,239,411,0,1
Wed Nov 15 23:59:22 +0000 2017,RT @jaboukie: when you move cities and you're still sad https://t.co/xU8J12Ealr,shutupchrista,359,413,16669,0
Wed Nov 15 23:59:22 +0000 2017,RT @ZackRyder: Sad to see @realellsworth leave @WWE...but happy i got to see him live his dream. T-shirt...walk out at WrestleMania...Actio\u2026,RSource,1585,1032,1081,0
Wed Nov 15 23:59:21 +0000 2017,RT @ultpcysobi: Jungkook told pd bang in the chat that he is sad he doesn't know English... can someone tell This boy that the only English\u2026,Ramilathewi,202,357,9904,0
Wed Nov 15 23:59:21 +0000 2017,Kad cu da ne spavam ako ne sad.,nemampojmajbt,330,260,0,0
Wed Nov 15 23:59:21 +0000 2017,"RT @James4Nadine: This is sad. I truly feel sad for James and Nadine who have become victims of their ""fans."" Malamang those negative news\u2026",gelyns12,85,157,7,0
Wed Nov 15 23:59:21 +0000 2017,RT @BorrachosVIP: \xbfYa es la hora sad? \U0001f62a https://t.co/ZQB2SauC8L,verguero79,181,726,561,0
Wed Nov 15 23:59:21 +0000 2017,"TOMORROW is @HawthorneHgts w/ @heavythingsrock, @FALband, and @KRANKSband in Indy at @hoosierdome317. Grab those ti\u2026 https://t.co/A3bvA57dXR",sethisMusic,2038,365,4,6
Wed Nov 15 23:59:21 +0000 2017,"RT @writhans: it's sad\n\nknowing that\n\ni love others\n\nmore than \n\ni love myself;\n\ni hate to see others\n\nin pain\n\nbut when it\n\ncomes to me,\u2026",_rdchllemlg,1840,1035,9017,0
Wed Nov 15 23:59:20 +0000 2017,"RT @XXXreserve: don't feel sad over someone who gave up on you, feel sorry for them because they gave up on someone who would have never gi\u2026",jacijdennis,477,247,364,0
Wed Nov 15 23:59:20 +0000 2017,RT @BorrachosVIP: \xbfYa es la hora sad? \U0001f62a https://t.co/ZQB2SauC8L,artumenesponja,260,265,561,0
Wed Nov 15 23:59:19 +0000 2017,"@TreexGod Sad part is, if it's not you it might be someone else.  Shit sucks for her.",_prettycharMING,1049,333,0,0
Wed Nov 15 23:59:19 +0000 2017,RT @rosysoft: not all the american public speaks english. songs that are not in english have done better than songs in english. you\u2019re feed\u2026,hearteyesjm,446,632,311,0
Wed Nov 15 23:59:19 +0000 2017,Ari's right! There's extreme vetting for ppl coming into the country but what seems like ZERO vetting for Trump adm\u2026 https://t.co/cVhA7iK7FC,iisher,233,881,1,1
Wed Nov 15 23:59:19 +0000 2017,"RT @dbongino: This guy is simply lying. He\u2019s literally, yes literally, making this up. They do this because they assume you won\u2019t do your h\u2026",907_b,2578,3446,5595,0
Wed Nov 15 23:59:19 +0000 2017,RT @alfonso4ab: aw man i\u2019m sad :(,IAM_ESCAMILLA24,435,414,2,0
Wed Nov 15 23:59:19 +0000 2017,@andoriax it just gets worse and worse every day.. to think that just some years ago it wasn't that toxic :/ sad th\u2026 https://t.co/G32ay59YYT,hutashines,557,253,0,0
Wed Nov 15 23:59:19 +0000 2017,RT @ASAPYams: nobody answer my call im sad as fuk,cerviine,986,858,338,0
Wed Nov 15 23:59:19 +0000 2017,RT @FreeMemesKids: THIS IS SO SAD \U0001f622 https://t.co/O7miVK5CCE,rxdpxwxrrxngxr,787,289,15450,0
Wed Nov 15 23:59:19 +0000 2017,RT @taiterthot: if yg sad i'm sad https://t.co/QSIOhKqPYr,_kayceebeats,291,301,47684,0
Wed Nov 15 23:59:18 +0000 2017,RT @CaptainEd621: @bluehand007 @travelanita ITS A SAD STATE OF AFFAIRS: Both Countries are worse off now and everybody with a brain knows i\u2026,travelanita,307,67,1,0
Wed Nov 15 23:59:18 +0000 2017,RT @rissuhgeee: I do think mental health awareness is important but I also think we should stop perpetuating the idea that sadness is inher\u2026,courtsit,326,313,5,0
Wed Nov 15 23:59:18 +0000 2017,@kazuhiraaa @sg42p That makes me sad,wonderinourlife,213,444,0,1
Wed Nov 15 23:59:18 +0000 2017,"RT @LauraLoomer: I could be sad about this and let it ruin my night, or I could view it as a compliment.\n\nI'll take this as a sign that I'm\u2026",paulrlanni,791,501,273,0
Wed Nov 15 23:59:18 +0000 2017,It's sad that our snocone place is still open... in November,mnicole1998,860,1045,0,0
Wed Nov 15 23:59:17 +0000 2017,Wow that sounds way more sad thinking about it but it's true \U0001f937\u200d\u2642\ufe0f,_KiOui,224,402,0,1
Wed Nov 15 23:59:17 +0000 2017,I watched the Lemonade film I\u2019m sad it\u2019s so good https://t.co/IU7XU91sdC,fitdaydreams,76,61,0,0
Wed Nov 15 23:59:17 +0000 2017,This Kalief Browder story is so sad. I agree that this wasn\u2019t a suicide. He was murdered by the New York City prison system.,kissmyelite,630,554,0,1
Wed Nov 15 23:59:17 +0000 2017,RT @AlexontheMic: I'm sad to admit that I have never listened to a @BTS_twt song. Where do I start? What do I do? I'm overwhelmed.,Rocio30728178,339,1554,4752,0
Wed Nov 15 23:59:17 +0000 2017,"Isn't it ironic that the only person who can make you really happy , is the same person who makes you sad and lonely?",tbheIIe,14245,14513,2,4
Wed Nov 15 23:59:17 +0000 2017,"RT @ColMorrisDavis: Wives, workers and water ... @realDonaldTrump chooses imported over American ... Sad! https://t.co/HWDVaOoX3H",LoisLane_2017,650,852,153,0
Wed Nov 15 23:59:16 +0000 2017,RT @taiterthot: if yg sad i'm sad https://t.co/QSIOhKqPYr,caitlynshankk,265,265,47684,0
Wed Nov 15 23:59:16 +0000 2017,@FaZeRug @CodyVoisine I get so sad when u don't upload\U0001f625\U0001f62d,JordanGiant,129,396,0,5
Wed Nov 15 23:59:15 +0000 2017,RT @JKH2: This is sad. https://t.co/mplLZU67SB,Amy_in_Michigan,1039,333,3,0
Wed Nov 15 23:59:15 +0000 2017,"RT @CommentarySteve: 2017 is done and whilst it's sad to say goodbye to two great colleagues in Nick &amp; Dylan, It's been a pleasure and an h\u2026",ValentinoMean46,71,221,9,0
Wed Nov 15 23:59:15 +0000 2017,RT @TheSlimHades: TWITTER SUCKS! #TheResistance @KeithOlbermann is perfectly fine though. Sad! Writing is on the wall! Jack will be @GQMaga\u2026,DaeshPussy,3060,4021,1,0
Wed Nov 15 23:59:15 +0000 2017,RT @GirlPosts: it\u2019s okay to cry &amp; okay to be sad. it\u2019s okay to miss them &amp; okay to wish u did something different. but never blame urself f\u2026,kels_mendez,1180,448,7131,0
Wed Nov 15 23:59:15 +0000 2017,RT @lauferlaw: Awww Nazi has Sad...... https://t.co/JGFBRN2K0n,rapturethegop,52,105,44,0
Wed Nov 15 23:59:15 +0000 2017,"My boyfriend is not very emotional, happy sure but hardly ever sad. Today was his grandfathers funeral and all I ca\u2026 https://t.co/XxOzkee4vx",LostGirl_137,11,88,0,0
Wed Nov 15 23:59:15 +0000 2017,RT @FreeMemesKids: THIS IS SO SAD \U0001f622 https://t.co/O7miVK5CCE,antiafervenza,577,436,15450,0
Wed Nov 15 23:59:14 +0000 2017,RT @heatherjones333: Sad to see Five at Five throwing the judge under the bus. What the Judge's lawyer said tonight about the DA after the\u2026,Lastonein66,3061,2926,17,0
Wed Nov 15 23:59:14 +0000 2017,"Baby, we don't stand a chance, it's sad but it's true",CourtneyRAVES,129,334,0,2
Wed Nov 15 23:59:14 +0000 2017,"RT @UAB_SafeFleet: It is so sad that such violence is prevalent in our world. Every thought, every action each of us takes contributes to t\u2026",steffiblack,1494,1622,1,0
Wed Nov 15 23:59:14 +0000 2017,RT @billowyshirt: 1x08\n-they are so cute I love my queens\n-I need Noora to serenade me with Justin Bieber when I'm sad https://t.co/jqbzdIJ\u2026,lindepayne,122,192,3864,0
Wed Nov 15 23:59:14 +0000 2017,"RT @thegreatkhalid: Spent half of my life being sad about shit I had no control over, and going throughout the day was exhausting. One day,\u2026",rodney_uncode,372,1119,103945,0
Wed Nov 15 23:59:14 +0000 2017,"RT @SOMEXlCAN: i was trying to explain to someone how i grew up on tortilla with butter, and their response was \u201cew, tortilla??? with butte\u2026",NataliKr3gh,78,174,1314,0
Wed Nov 15 23:59:13 +0000 2017,"Its sad but accurate that world leaders and foreign citizens pay more respect to @realDonaldTrump than our MSM, Dem\u2026 https://t.co/sC4oO5KttF",RevalationSaint,949,1413,0,0
Wed Nov 15 23:59:13 +0000 2017,RT @gabiekin_: Dude wth I think my heart is actually sad over a guy that I tried to be more than friends with but i know it ain't going any\u2026,maryfrdz,81,127,76,0
Wed Nov 15 23:59:13 +0000 2017,RT @taiterthot: if yg sad i'm sad https://t.co/QSIOhKqPYr,MartinezXXX_,233,242,47684,0
Wed Nov 15 23:59:13 +0000 2017,"RT @RenoHatesMe: @VoteMuck @CrawliesWithCri What a small, small man. To serve in order to kill a small turtle because why? It makes him fee\u2026",MMMukalla,496,131,1,0
Wed Nov 15 23:59:13 +0000 2017,RT @taiterthot: if yg sad i'm sad https://t.co/QSIOhKqPYr,JxrenS_,243,405,47684,0
Wed Nov 15 23:59:13 +0000 2017,"@Leistunghund @BaltimorePolice Praying for him, this is so sad. \U0001f64f\U0001f3fd\U0001f64f\U0001f3fd\U0001f64f\U0001f3fd",VanessaWindley,6,55,1,6
Wed Nov 15 23:59:12 +0000 2017,RT @stickojay: sleeping is nice until u wake up and realize ure still sad lol,wrdfaisal,1211,1286,537,0
Wed Nov 15 23:59:12 +0000 2017,Very Sad. https://t.co/jQ3XJI87lr,PamBeebe1,359,411,0,1
Wed Nov 15 23:59:12 +0000 2017,"@jaketapper @AliVelshi Saw it live! Shocking! Actually, no not shocking which is a sad commentary!!",Wendbrokaw,716,344,0,1
Wed Nov 15 23:59:12 +0000 2017,1) we get to live in the universe that had Edgar Allan Poe and still has all his works 2) there are people who woul\u2026 https://t.co/kRWm4zQeFA,voidember,727,208,0,1
Wed Nov 15 23:59:11 +0000 2017,@HAGOODMANAUTHOR @YouTube They literally have NOTHING it's so sad.  This is bad for our democracy.  Now I question\u2026 https://t.co/0ZCx2Afwdm,themarydouglas,883,1313,0,0
Wed Nov 15 23:59:11 +0000 2017,RT @taiterthot: if yg sad i'm sad https://t.co/QSIOhKqPYr,lorenalynnn,246,128,47684,0
Wed Nov 15 23:59:11 +0000 2017,Today is the big day for me!!!!\nAHHHH!!! SEASON FINALE OF AHS CULT IS TONIGHT IM SO EXCITED but so sad it's the fin\u2026 https://t.co/RbNRnEcKpN,NanditoBrian_R,105,131,0,0
Wed Nov 15 23:59:11 +0000 2017,RT @AJ_Motha: Apparently.. this is what FLAKA does... This is even sad to watch.. https://t.co/MnULzOmqcz,Thanyirue,305,256,913,0
Wed Nov 15 23:59:11 +0000 2017,I get sad when the twins don't tweet....,dashofdolans,17004,17054,4,58
Wed Nov 15 23:59:11 +0000 2017,"RT @THEmale_madonna: The fact that girls like Monica, Ashanti, Mya, Tamar, Jazmine Sullivan &amp; tons of other R&amp;B acts have to go 50x harder\u2026",diamondsimone22,327,309,285,0
Wed Nov 15 23:59:11 +0000 2017,RT @BorrachosVIP: \xbfYa es la hora sad? \U0001f62a https://t.co/ZQB2SauC8L,Taurino_Salinas,409,179,561,0
Wed Nov 15 23:59:11 +0000 2017,RT @sIamdunc: if youre rude to retail workers youre either:\n\na) ugly\nb) old\nc) a sad  fucken Nerd\n\nluckily i met someone whos all 3 and i h\u2026,adumbblehr,160,372,50,0
Wed Nov 15 23:59:11 +0000 2017,Such sad news. We hosted a @protiviti town hall @TechShopPGH (SumoBots) and had a blast. Definitely a blow to maker\u2026 https://t.co/R91FrjShHI,TimMaloneyJr,59,47,0,0
Wed Nov 15 23:59:11 +0000 2017,RT @jaboukie: when you move cities and you're still sad https://t.co/xU8J12Ealr,Jomo_24,454,518,16669,0
Wed Nov 15 23:59:10 +0000 2017,Sad,XRaixxx,77,83,0,1
Wed Nov 15 23:59:10 +0000 2017,Sad mi se jede rebrasti \u010dips i pije mi se kafa. I jedva \u010dekam jutro da to uradim.,sudomil,3668,848,2,130
Wed Nov 15 23:59:10 +0000 2017,RT @Bethanyedxx: Mega sad how I\u2019d do anything for someone but they would never do the same for me :(,abbbietaylor,1390,1438,30,0
Wed Nov 15 23:59:10 +0000 2017,"I work at the movies... it makes me sad seeing girls waiting for their boyfriends, or husbands or S/O",shleyyyyyyyyyy,327,491,0,3
Wed Nov 15 23:59:10 +0000 2017,im not sleeping 2nite so that means sad tweets &amp; memes will both b created,helenasucks,6,4,0,0
Wed Nov 15 23:59:10 +0000 2017,RT @taiterthot: if yg sad i'm sad https://t.co/QSIOhKqPYr,iliana_ngarza,315,186,47684,0
Wed Nov 15 23:59:09 +0000 2017,RT @pvnkpebble: @chebaboureko It's often the case that we're harsher on ourselves than we are on others. It's pretty sad tbh. I'm just glad\u2026,chebaboureko,360,378,1,0
Wed Nov 15 23:59:09 +0000 2017,"Kakov jedem paprike barene sad i sira, stidim se od sebe svega mi, ni da je podne, a ne ponoc :)",MoNtE_NeGrO1,1961,816,1,12
Wed Nov 15 23:59:09 +0000 2017,RT @LouisPeitzman: I am really fucking sad Difficult People is ending. I wrote about why. https://t.co/sjBvdazidR,OpinionatedFran,323,48,149,0
Wed Nov 15 23:59:09 +0000 2017,"RT @WellieBoyce: My heart.... My sad, cut my wrists and black my eyes, hey Miss Murder, come join the black parade, I chimed in with haven'\u2026",JJxPrime,145,390,61,0
Wed Nov 15 23:59:09 +0000 2017,"As someone who is older in this fandom, I feel sorry for you. You are too old to act the way you do by trolling Bel\u2026 https://t.co/67Tnbdto07",BellarkeJenBell,114,149,1,4
Wed Nov 15 23:59:09 +0000 2017,RT @BorrachosVIP: \xbfYa es la hora sad? \U0001f62a https://t.co/ZQB2SauC8L,SoffPalacios,498,491,561,0
Wed Nov 15 23:59:09 +0000 2017,RT @taiterthot: if yg sad i'm sad https://t.co/QSIOhKqPYr,Noemizavalaa,997,961,47684,0
Wed Nov 15 23:59:08 +0000 2017,"RT @dbongino: This guy is simply lying. He\u2019s literally, yes literally, making this up. They do this because they assume you won\u2019t do your h\u2026",cathibrgnr58,3198,3270,5595,0
Wed Nov 15 23:59:07 +0000 2017,RT @AqifPuskas: Me when consoling my sad friends. https://t.co/xNRGeuDUld,michellettrann,181,354,17730,0
Wed Nov 15 23:59:06 +0000 2017,RT @astrologistae: im so sad i can\u2019t stop crying,SpudicRhiannon,195,191,1,0
Wed Nov 15 23:59:06 +0000 2017,RT @NoControlProjec: I REMEMBER THE DAY AFTER 1D WENT ON BREAK YALL WERE ALL SAD &amp; STRESSED SAYING YOU CANT MAKE IT THROUGH THIS HIATUS BUT\u2026,lovely_hxarry,911,445,815,0
Wed Nov 15 23:59:06 +0000 2017,Everyone on my tl is so sad and it breaks my heart,osnapjauregui_,17632,13956,0,3
Wed Nov 15 23:59:06 +0000 2017,RT @vtttd: finstas arent even scandalous anymore it's just whatever picture we have on our phone and us talking about how sad we are and ho\u2026,saabrrinnna,337,233,18214,0
Wed Nov 15 23:59:06 +0000 2017,RT @trojansauce: *ronald mcdonald wiping off his makeup after a long day at work to reveal the exact same makeup but a sad mouth*,khobbs0,248,321,1437,0
Wed Nov 15 23:59:06 +0000 2017,RT @taiterthot: if yg sad i'm sad https://t.co/QSIOhKqPYr,AsapSpicy,285,174,47684,0
Wed Nov 15 23:59:06 +0000 2017,RT @taiterthot: if yg sad i'm sad https://t.co/QSIOhKqPYr,johnston_spring,838,708,47684,0
Wed Nov 15 23:59:06 +0000 2017,RT @KostJason: TDS is a real thing. Sad. https://t.co/2a1NZrLPsX,Serendipiterry,3282,4547,4,0
Wed Nov 15 23:59:06 +0000 2017,"RT @makurt1314: Nobody should be sad bc 2 whole days dedicated to mashed potatoes and turkey and shopping are next week, 25 days of Christm\u2026",BrennaBlanchard,375,240,194,0
Wed Nov 15 23:59:06 +0000 2017,"RT @pimpassyannaa: Just realized my friends ain\u2019t really my friends like I thought they where , and that\u2019s sad .",Autumn___Elise,76,203,2,0
Wed Nov 15 23:59:05 +0000 2017,"Ok if the borders stay this sad this will b my first event 5* n I wanted that to be Izumi but it's fine I'll say first Revival 5*,",jihyunkkim,320,187,0,0
Wed Nov 15 23:59:05 +0000 2017,"RT @CoIIegeStruggIe: In college you don\u2019t even have time to be sad over grades, you just gotta have the ""ima come back harder next time"" mi\u2026",CormierTeira,126,251,447,0
Wed Nov 15 23:59:05 +0000 2017,RT @OHminkiYOUso: \ubc0d\uac38 \uc2dc\uc0c1\uc2dd\uc5d0\uc11c \ub9c9 \uc548 \uc124\ub808\uace0 \uc870\uc544\ud558\uace0 \ub5a8\ub824\ud558\uace0 \uc774\ub7f0 \ud45c\uc815\uc5c6\uc774 \uc6b0\uc544\ud558\uac8c \uc790\uc5f0\uc2a4\ub7fd\uac8c \uc788\uc5b4\uc11c \ub118 \ub610 \ubc18\ud588\uc5b4 \uadf8 \ub204\uad6c\ubcf4\ub2e4 \uba4d\uc11d\uae54\uc544\uc8fc\uba74 \uc81c\ub300\ub85c \ud558\ub294 \uc0ac\ub78c \ucd5c\uace0\ucd5c\uace0,RoonSad_TTTTTTT,25,72,2,0
Wed Nov 15 23:59:05 +0000 2017,RT @BorrachosVIP: \xbfYa es la hora sad? \U0001f62a https://t.co/ZQB2SauC8L,nefastoofeles,221,104,561,0
Wed Nov 15 23:59:04 +0000 2017,RT @coinairdrop: #airdrop @BitconnectG\nForm : https://t.co/rcFo5oD9bp https://t.co/UrF9vCZQWV,mohud_sad,225,775,7,0
Wed Nov 15 23:59:04 +0000 2017,"RT @GGUKSPERM: #BTSxJimmyKimmel\nESTOY EMOCIONADA AHH, PERO SAD BC NO ESTAR\xc9 ALL\xcd XMIL",_angelica_p07,4860,3385,1,0
Wed Nov 15 23:59:04 +0000 2017,RT @BorrachosVIP: \xbfYa es la hora sad? \U0001f62a https://t.co/ZQB2SauC8L,vaalesa,774,178,561,0
Wed Nov 15 23:59:04 +0000 2017,RT @taiterthot: if yg sad i'm sad https://t.co/QSIOhKqPYr,changotbanz,968,779,47684,0
Wed Nov 15 23:59:04 +0000 2017,RT @taiterthot: if yg sad i'm sad https://t.co/QSIOhKqPYr,shibuijadan,351,591,47684,0
Wed Nov 15 23:59:04 +0000 2017,RT @heatherjones333: Sad to see Five at Five throwing the judge under the bus. What the Judge's lawyer said tonight about the DA after the\u2026,mikefit32187936,3856,4985,17,0
Wed Nov 15 23:59:04 +0000 2017,RT @GirlPosts: it\u2019s okay to cry &amp; okay to be sad. it\u2019s okay to miss them &amp; okay to wish u did something different. but never blame urself f\u2026,baily_crolley,37,68,7131,0
Wed Nov 15 23:59:04 +0000 2017,"RT @Pink_Kohai: I don't want ppl to like Totty bc ""He's sad and sensitive inside"" I want ppl like him for what he trully is, for his more g\u2026",nizza_maria,102,755,42,0
Wed Nov 15 23:59:03 +0000 2017,RT @ZackRyder: Sad to see @realellsworth leave @WWE...but happy i got to see him live his dream. T-shirt...walk out at WrestleMania...Actio\u2026,PerezM361KS,61,80,1081,0
Wed Nov 15 23:59:03 +0000 2017,@Kimzolciak It is a very sad situation when you parents hurt their only child .you think by now your mom would say sorry \U0001f937\u200d\u2640\ufe0f,GigiDuplechien,45,286,0,0
Wed Nov 15 23:59:03 +0000 2017,RT @iluvchanyeoI: it makes me so sad tht people wont even give seventeen a chance bc they have a lot of members!!!! they're so worth stanni\u2026,adoreyeoI,184,126,2,0
Wed Nov 15 23:59:03 +0000 2017,sad je pravi momenat da prestanete da budete ponosni na batu jer je retard izvolite,hoenestlv,1353,291,0,2
Wed Nov 15 23:59:03 +0000 2017,@kremlinsfiddle @realDonaldTrump Thank you for the correction. I won\u2019t try to defend the President on this one. He\u2026 https://t.co/cUfugmRC1K,RobertOitker,7,6,0,1
Wed Nov 15 23:59:02 +0000 2017,@imajsaclaimant Same Tory Councillors that have spent 7 years backing the vast cuts from Government that creates th\u2026 https://t.co/1Vgpcz1xmc,gary_parkins,583,2161,1,1
Wed Nov 15 23:59:02 +0000 2017,Faz tempo q isso n\xe3o acontece,lari_sad,43,99,0,0
Wed Nov 15 23:59:02 +0000 2017,Why does Jimin always look sad whenever he takes a picture in the US? https://t.co/ZWiVLcBeGs,choi_yoonmin,15,122,0,0
Wed Nov 15 23:59:02 +0000 2017,You know that feeling at a concert when you're waiting for the artist to come out and you're filled with so much ex\u2026 https://t.co/8q6ofpXhIv,Mandee_Risser,816,622,1,6
Wed Nov 15 23:59:02 +0000 2017,"Was just sitting by a guy who I legit thought was Bill Paxton, was about to say how I loved him and then remembered\u2026 https://t.co/jgv34crxdK",snackatttack,174,126,0,2
Wed Nov 15 23:59:02 +0000 2017,@Brewer2Brewer That\u2019s what happened to me the other day. Only way back was a mega late session. My good lady has be\u2026 https://t.co/iROfj848m7,swancvs,255,695,0,1
Wed Nov 15 23:59:02 +0000 2017,RT @Travon: So sad that Jeff Sessions suffers from that debilitating brain disorder where you can only remember things after someone proves\u2026,Jim674,798,733,9537,0
Wed Nov 15 23:59:01 +0000 2017,"RT @VlDEOSTARK: Born To Die, Paradise, Ultraviolence, Honeymoon https://t.co/pV7qWMD6fc",sad_farm,137,183,77,0
Wed Nov 15 23:59:00 +0000 2017,RT @StephenAmell: Was ratcheted from a dead sleep on my flight this morning by the guy in front of me repeatedly trying to jam his tray tab\u2026,HaleGooseLucy,1001,64,1233,0
Wed Nov 15 23:59:00 +0000 2017,RT @taiterthot: if yg sad i'm sad https://t.co/QSIOhKqPYr,alyssa_aguayo7,175,209,47684,0
Wed Nov 15 23:59:00 +0000 2017,RT @spanishcvndy: Ok but this made me really sad https://t.co/dvBZUEnqNp,lovespurposes,5321,202,13974,0
Wed Nov 15 23:59:00 +0000 2017,"RT @joncoopertweets: Well, Donald\u2019s back, but I guess it\u2019s going to take him a while to get back up to speed with his tweeting. He copy and\u2026",bemuir_ronkon79,230,1880,400,0
Wed Nov 15 23:59:00 +0000 2017,"RT @Sporting_CP: O #SportingCP informa que chegou a acordo com o atleta Jo\xe3o Palhinha para a renova\xe7\xe3o do contrato, ficando com dura\xe7\xe3o at\xe9\u2026",alrguerreiro,1326,971,260,0
Wed Nov 15 23:58:59 +0000 2017,RT @FreeMemesKids: THIS IS SO SAD \U0001f622 https://t.co/O7miVK5CCE,LuSolimo,720,276,15450,0
Wed Nov 15 23:58:59 +0000 2017,I'm very tired and sad so here is a thread of dumb screenshots I've taken over the past few months,sleepyshoma,57,24,1,5
Wed Nov 15 23:58:59 +0000 2017,RT @_Shardax2: Sad story \U0001f62d https://t.co/D72MDQEJAd,JWilliams0507,536,506,2,0
Wed Nov 15 23:58:59 +0000 2017,@MissDollyLeigh Yeah it\u2019s a sad deal,khris_poage,3069,294,0,1
Wed Nov 15 23:58:59 +0000 2017,RT @taiterthot: if yg sad i'm sad https://t.co/QSIOhKqPYr,ThatKirstenKid,887,304,47684,0
Wed Nov 15 23:58:58 +0000 2017,RT @FreeMemesKids: THIS IS SO SAD \U0001f622 https://t.co/O7miVK5CCE,NghtmareBear,107,46,15450,0
Wed Nov 15 23:58:58 +0000 2017,"RT @thegreatkhalid: Spent half of my life being sad about shit I had no control over, and going throughout the day was exhausting. One day,\u2026",Baileyyy_Y,249,178,103945,0
Wed Nov 15 23:58:58 +0000 2017,@carotte_rose @THEBOYILOVE_JH I get so sad :(,CielitoShua,745,160,0,0
Wed Nov 15 23:58:58 +0000 2017,RT @AqifPuskas: Me when consoling my sad friends. https://t.co/xNRGeuDUld,AzizanAfi,282,268,17730,0
Wed Nov 15 23:58:58 +0000 2017,RT @jaboukie: when you move cities and you're still sad https://t.co/xU8J12Ealr,ogmills_,497,425,16669,0
